{
    "metadata": {
      "name": "AliceSW",
      "author": "FFrelay",
      "version": 1,
      "source": "https://www.alicesw.com/",
      "regexp": "^https?://(www\\.)?alicesw\\.com/",
      "description": "Đọc truyện trên trang AlicesW",
      "locale": "zh_CN",
      "type": "chinese_novel",
      "tag": "nsfw"
    },
    "script": {
      "home": "home.js",
      "detail": "detail.js",
      "toc": "toc.js",
      "chap": "chap.js",
      "search": "search.js"
    }
}