{
  "metadata": {
    "name": "69书吧",
    "author": "FFrelay",
    "version": 9,
    "source": "https://69shu.cx",
    "regexp": "(www.|m.)?(69shu|69shuba|69xinshu)\\.(.*?)/(txt|book|b)/.*?\\.(htm|html)",
    "description": "Đọc truyện trên trang 69书吧",
    "locale": "zh_CN",
    "language": "javascript",
    "type": "chinese_novel"
  },
  "script": {
    "home": "home.js",
    "detail": "detail.js",
    "toc": "toc.js",
    "chap": "chap.js",
    "genre": "genre.js",
    "search": "search.js"
  }
}